<?xml version="1.0" ?>
<schema xmlns:xsi="http://www.w3.org/2001/XMLSchema-instance"
        xsi:noNamespaceSchemaLocation="urn:magento:framework:Setup/Declaration/Schema/etc/schema.xsd">

    <table name="fedex_order_status" resource="default" engine="innodb" comment="Fedex Order Status Table">
        <column xsi:type="int" name="id" padding="10" unsigned="true" nullable="false" identity="true" comment="ID"/>
        <column xsi:type="varchar" name="status" nullable="false" length="255" comment="Status"/>
        <column xsi:type="smallint" name="is_active" nullable="false" default="1" comment="Is Active"/>
        <column xsi:type="timestamp" name="created_at" on_update="false" nullable="false" default="CURRENT_TIMESTAMP" comment="Created At"/>
        <column xsi:type="timestamp" name="updated_at" on_update="true" nullable="false" default="CURRENT_TIMESTAMP" comment="Updated At"/>
        <constraint xsi:type="primary" referenceId="PRIMARY">
            <column name="id"/>
        </constraint>
    </table>

    <table name="fedex_order_status_log" resource="default" engine="innodb" comment="Fedex Order Status Log Table">
        <column name="log_id" xsi:type="int" padding="10" unsigned="true" nullable="false" identity="true" comment="ID"/>
        <column name="order_id" xsi:type="int" unsigned="true" nullable="false" comment="Order ID"/>
        <column name="old_status" xsi:type="varchar" length="64" nullable="false" comment="Old Status"/>
        <column name="new_status" xsi:type="varchar" length="64" nullable="false" comment="New Status"/>
        <column name="created_at" xsi:type="timestamp" nullable="false" default="CURRENT_TIMESTAMP" on_update="false" comment="Created At"/>

        <constraint xsi:type="primary" referenceId="PRIMARY">
            <column name="log_id"/>
        </constraint>
    </table>

</schema>
